<?xml version="1.0" encoding="utf-8" ?>
<Defs>
 <StatDef Name="BedInsulationBase" Abstract="True">
    <category>Building</category>
    <defaultBaseValue>0</defaultBaseValue>
    <hideAtValue>0</hideAtValue>
    <minValue>-9999</minValue>
    <maxValue>9999</maxValue>
    <toStringStyle>TemperatureOffset</toStringStyle>
    <showOnPawns>false</showOnPawns>
    <parts>
      <li Class="StatPart_Quality">
        <factorAwful>0.8</factorAwful>
        <factorPoor>0.9</factorPoor>
        <factorNormal>1</factorNormal>
        <factorGood>1.1</factorGood>
        <factorExcellent>1.2</factorExcellent>
        <factorMasterwork>1.5</factorMasterwork>
        <factorLegendary>1.8</factorLegendary>
      </li>
    </parts>
  </StatDef>

  <StatDef>
    <defName>BedStuffEffectMultiplierInsulation_Cold</defName>
    <label>Insulation material effect multiplier for cold</label>
    <category>Building</category>
    <defaultBaseValue>0</defaultBaseValue>
    <minValue>0</minValue>
    <alwaysHide>true</alwaysHide>
  </StatDef>

  <StatDef>
    <defName>BedStuffEffectMultiplierInsulation_Heat</defName>
    <label>Insulation material effect multiplier for heat</label>
    <category>Building</category>
    <defaultBaseValue>0</defaultBaseValue>
    <minValue>-5</minValue>
    <alwaysHide>true</alwaysHide>
  </StatDef>

  <StatDef ParentName="BedInsulationBase">
    <defName>Bed_Insulation_Cold</defName>
    <label>Insulation - Cold</label>
    <description>How much this bed improves minimum comfortable temperature. Greater values allow surviving in colder temperatures.</description>
    <parts>
      <li Class="SoftWarmBeds.StatPart_BedStuff">
        <priority>100</priority>
        <additiveStat>StuffPower_Insulation_Cold</additiveStat>
        <multiplierStat>BedStuffEffectMultiplierInsulation_Cold</multiplierStat>
      </li>
    </parts>
    <toStringStyle>TemperatureOffset</toStringStyle>
  </StatDef>

  <StatDef ParentName="BedInsulationBase">
    <defName>Bed_Insulation_Heat</defName>
    <label>Insulation - Heat</label>
    <description>How much this bed improves maximum comfortable temperature. Greater values allow surviving in warmer temperatures.</description>
    <parts>
      <li Class="SoftWarmBeds.StatPart_BedStuff">
        <priority>100</priority>
        <additiveStat>StuffPower_Insulation_Heat</additiveStat>
        <multiplierStat>BedStuffEffectMultiplierInsulation_Heat</multiplierStat>
      </li>
    </parts>
    <toStringStyle>TemperatureOffset</toStringStyle>
  </StatDef>

  <StatDef>
    <defName>Textile_Softness</defName>
    <label>Softness</label>
    <description>Determines how comfortable something made out of this can be. When used in beddings, it affects how much rest the bed provides.</description>
    <category>StuffStatFactors</category>
    <defaultBaseValue>0</defaultBaseValue>
    <minValue>0</minValue>
    <toStringStyle>PercentZero</toStringStyle>
    <showIfUndefined>false</showIfUndefined>
  </StatDef>
</Defs>