<?xml version="1.0" encoding="utf-8" ?>
<Patch>

  <!--Nano Repair Tech-->
  <Operation Class="JPTools.PatchOperationFindModById">
    <mods>
      <li>Ogre.NanoRepairTech</li>
    </mods>
    <match Class="PatchOperationSequence">
      <success>Normal</success>
      <operations>

        <!--Function Extension-->
        <li Class="PatchOperationAdd">
          <xpath>Defs/ThingDef[defName = "Ogre_NanoTech_Bed" or defName = "Ogre_NanoTech_DoubleBed" or defName = "Ogre_NanoTech_HospitalBed" or defName = "Ogre_NanoTech_RoyalBed"]</xpath>
          <value>
            <inspectorTabs>
              <li>SoftWarmBeds.ITab_Bedding</li>
            </inspectorTabs>
          </value>
        </li>
        <li Class="PatchOperationAdd">
          <xpath>Defs/ThingDef[defName = "Ogre_NanoTech_Bed" or defName = "Ogre_NanoTech_DoubleBed" or defName = "Ogre_NanoTech_HospitalBed" or defName = "Ogre_NanoTech_RoyalBed"]/building</xpath>
          <value>
            <fixedStorageSettings>
              <filter>
                <categories>
                  <li>Textiles</li>
                </categories>
              </filter>
            </fixedStorageSettings>
            <defaultStorageSettings>
              <filter>
                <categories>
                  <li>Textiles</li>
                </categories>
              </filter>
            </defaultStorageSettings>
          </value>
        </li>

        <!--Graphic Modifications-->
        <li Class="PatchOperationReplace">
          <xpath>Defs/ThingDef[defName = "Ogre_NanoTech_Bed"]/graphicData/texPath</xpath>
          <value>
            <texPath>Things/Building/Bed</texPath>
          </value>
        </li>
        <li Class="PatchOperationReplace">
          <xpath>Defs/ThingDef[defName = "Ogre_NanoTech_DoubleBed"]/graphicData/texPath</xpath>
          <value>
            <texPath>Things/Building/DoubleBed</texPath>
          </value>
        </li>
        <li Class="PatchOperationReplace">
          <xpath>Defs/ThingDef[defName = "Ogre_NanoTech_HospitalBed"]/graphicData/texPath</xpath>
          <value>
            <texPath>Things/Building/HospitalBed</texPath>
          </value>
        </li>
        <li Class="PatchOperationReplace">
          <xpath>Defs/ThingDef[defName = "Ogre_NanoTech_RoyalBed"]/graphicData/texPath</xpath>
          <value>
            <texPath>Things/Building/RoyalBed</texPath>
          </value>
        </li>

        <!--Beddings Settings-->
        <li Class="PatchOperationAdd">
          <xpath>Defs/ThingDef[defName = "Ogre_NanoTech_Bed"]/comps</xpath>
          <value>
            <li Class="SoftWarmBeds.CompProperties_MakeableBed">
              <blanketDef>SingleBlanket</blanketDef>
              <beddingDef>SingleBedding</beddingDef>
            </li>
          </value>
        </li>
        <li Class="PatchOperationAdd">
          <xpath>Defs/ThingDef[defName = "Ogre_NanoTech_HospitalBed"]/comps</xpath>
          <value>
            <li Class="SoftWarmBeds.CompProperties_MakeableBed">
              <blanketDef>HospitalBlanket</blanketDef>
              <beddingDef>SingleBedding</beddingDef>
            </li>
          </value>
        </li>
        <li Class="PatchOperationAdd">
          <xpath>Defs/ThingDef[defName = "Ogre_NanoTech_DoubleBed"]/comps</xpath>
          <value>
            <li Class="SoftWarmBeds.CompProperties_MakeableBed">
              <blanketDef>DoubleBlanket</blanketDef>
              <beddingDef>DoubleBedding</beddingDef>
            </li>
          </value>
        </li>
        <li Class="PatchOperationAdd">
          <xpath>Defs/ThingDef[defName = "Ogre_NanoTech_RoyalBed"]/comps</xpath>
          <value>
            <li Class="SoftWarmBeds.CompProperties_MakeableBed">
              <blanketDef>RoyalBlanket</blanketDef>
              <beddingDef>DoubleBedding</beddingDef>
            </li>
          </value>
        </li>

        <!--BedRestEffectiveness Settings-->
        <li Class="PatchOperationReplace">
          <xpath>Defs/ThingDef[defName = "Ogre_NanoTech_Bed" or defName = "Ogre_NanoTech_DoubleBed" or defName = "Ogre_NanoTech_HospitalBed"]/statBases/BedRestEffectiveness</xpath>
          <value>
            <BedRestEffectiveness>0.5</BedRestEffectiveness>
          </value>
        </li>
        <li Class="PatchOperationReplace">
          <xpath>Defs/ThingDef[defName = "Ogre_NanoTech_RoyalBed"]/statBases/BedRestEffectiveness</xpath>
          <value>
            <BedRestEffectiveness>0.55</BedRestEffectiveness>
          </value>
        </li>

        <!--Comfort Settings-->
        <li Class="PatchOperationReplace">
          <xpath>Defs/ThingDef[defName = "Ogre_NanoTech_Bed" or defName = "Ogre_NanoTech_DoubleBed"]/statBases/Comfort</xpath>
          <value>
            <Comfort>0.25</Comfort>
          </value>
        </li>
        <li Class="PatchOperationReplace">
          <xpath>Defs/ThingDef[defName = "Ogre_NanoTech_HospitalBed"]/statBases/Comfort</xpath>
          <value>
            <Comfort>0.3</Comfort>
          </value>
        </li>
        <li Class="PatchOperationReplace">
          <xpath>Defs/ThingDef[defName = "Ogre_NanoTech_RoyalBed"]/statBases/Comfort</xpath>
          <value>
            <Comfort>0.4</Comfort>
          </value>
        </li>

        <!--Insulation Settings-->
        <li Class="PatchOperationAdd">
          <xpath>Defs/ThingDef[defName = "Ogre_NanoTech_Bed" or defName = "Ogre_NanoTech_DoubleBed" or defName= "Ogre_NanoTech_HospitalBed"]/statBases</xpath>
          <value>
            <BedStuffEffectMultiplierInsulation_Cold>0.35</BedStuffEffectMultiplierInsulation_Cold>
          </value>
        </li>
        <li Class="PatchOperationAdd">
          <xpath>Defs/ThingDef[defName = "Ogre_NanoTech_RoyalBed"]/statBases</xpath>
          <value>
            <BedStuffEffectMultiplierInsulation_Cold>0.5</BedStuffEffectMultiplierInsulation_Cold>
          </value>
        </li>

      </operations>
    </match>
  </Operation>
</Patch>