﻿<?xml version="1.0" encoding="utf-8"?>
<Patch>

  <!--Sparkling Worlds-->
  <Operation Class="JPTools.PatchOperationFindModById">
    <mods>
      <li>Albion.SparklingWorlds.Full</li>
      <li>Albion.SparklingWorlds.Core</li>
    </mods>
    <match Class="PatchOperationSequence">
      <success>Always</success>
      <operations>
        <li Class="PatchOperationAdd">
          <xpath>/Defs/ThingDef[defName = "GlitterworldHospitalBedSW"]</xpath>
          <value>
            <inspectorTabs>
              <li>SoftWarmBeds.ITab_Bedding</li>
            </inspectorTabs>
          </value>
        </li>
        <li Class="PatchOperationAdd">
          <xpath>/Defs/ThingDef[defName = "GlitterworldHospitalBedSW"]/building</xpath>
          <value>
            <fixedStorageSettings>
              <filter>
                <categories>
                  <li>Textiles</li>
                </categories>
              </filter>
            </fixedStorageSettings>
            <defaultStorageSettings>
              <filter>
                <categories>
                  <li>Textiles</li>
                </categories>
              </filter>
            </defaultStorageSettings>
          </value>
        </li>
        <li Class="PatchOperationAdd">
          <xpath>/Defs/ThingDef[defName = "GlitterworldHospitalBedSW"]/comps</xpath>
          <value>
            <li Class="SoftWarmBeds.CompProperties_MakeableBed">
              <!--<blanketDef>SingleBlanket</blanketDef>-->
              <beddingDef>SingleBedding</beddingDef>
            </li>
          </value>
        </li>
        <li Class="PatchOperationReplace">
          <xpath>/Defs/ThingDef[defName = "GlitterworldHospitalBedSW"]/statBases/BedRestEffectiveness</xpath>
          <value>
            <BedRestEffectiveness>0.55</BedRestEffectiveness>
          </value>
        </li>
        <li Class="PatchOperationReplace">
          <xpath>/Defs/ThingDef[defName = "GlitterworldHospitalBedSW"]/statBases/Comfort</xpath>
          <value>
            <Comfort>0.35</Comfort>
          </value>
        </li>
        <li Class="PatchOperationAdd">
          <xpath>/Defs/ThingDef[defName = "GlitterworldHospitalBedSW"]/statBases</xpath>
          <value>
            <BedStuffEffectMultiplierInsulation_Cold>0.5</BedStuffEffectMultiplierInsulation_Cold>
          </value>
        </li>
      </operations>
    </match>
  </Operation>
</Patch>